Position,Company,Location,URL 
Operation Project Leader_Python Project의 전체 세부 정보,Edwards Korea Ltd,충청남도 천안,https://kr.indeed.com/rc/clk?jk=8af89f62196679ac&fccid=5ea45583d6e2743c&vjs=3
Python, 인공지능(AI) 외 신입/경력의 전체 세부 정보,사회정보연구원,서울 은평구,https://kr.indeed.com/rc/clk?jk=b7fad584859458e4&fccid=8da9b3751cf2e16c&vjs=3
Deep Learning Researcher (Intern)의 전체 세부 정보,Qualcomm,서울,https://kr.indeed.com/rc/clk?jk=701e887d6f3eb831&fccid=d40ebe11fc879426&vjs=3
파이썬(python) 백엔드 개발자의 전체 세부 정보,아토머스,서울 강남구,https://kr.indeed.com/rc/clk?jk=7e8499c0e2fe4afb&fccid=660bbb21789ab63d&vjs=3
AI 연구개발자 전문연구요원(병역특례)의 전체 세부 정보,라이트비전,서울 성동구,https://kr.indeed.com/rc/clk?jk=f6b2922ec83a73d3&fccid=e391d8e930358bac&vjs=3
[헤드헌팅/] 백엔드 DB 개발자의 전체 세부 정보,리플라이랩,서울 중구,https://kr.indeed.com/rc/clk?jk=61cef10b61063680&fccid=ecfe8aacf2a0164c&vjs=3
Business Transformation Consultant의 전체 세부 정보,IBM,서울,https://kr.indeed.com/rc/clk?jk=a3bbef71888cd735&fccid=de71a49b535e21cb&vjs=3
Python Backend Engineer의 전체 세부 정보,마인드에이아이,서울 중구,https://kr.indeed.com/rc/clk?jk=0ef88fa151c45263&fccid=6e36b32060404d12&vjs=3
백엔드 개발자(인턴십)의 전체 세부 정보,액스,서울 서초구,https://kr.indeed.com/rc/clk?jk=b7223c792bfcbcd4&fccid=5013eca338141e7d&vjs=3
2023년(하) 한화시스템 경력사원 (SW분야)의 전체 세부 정보,한화시스템,성남 분당구,https://kr.indeed.com/rc/clk?jk=018d1405550e3618&fccid=46ba4635611e86ea&vjs=3
[그리팅] 백엔드 엔지니어(BackOffice) (연계형 인턴)의 전체 세부 정보,두들린,서울 강남구,https://kr.indeed.com/rc/clk?jk=bdc2a1d822ad149c&fccid=6f5ff74d22f3849e&vjs=3
++렉스코드 백엔드 개발자 ++의 전체 세부 정보,렉스코드,서울 서초구,https://kr.indeed.com/rc/clk?jk=9121c5aa8075bfa3&fccid=005cc3e287692b67&vjs=3
[CTO] AI 기술 컨설팅[연구원, 책임연구원]의 전체 세부 정보,현대자동차그룹,대한민국,https://kr.indeed.com/rc/clk?jk=104429f9c6686e5f&fccid=980d6ecc399a3373&vjs=3
기술 인턴 인공지능 응용 연구/개발 인턴의 전체 세부 정보,써로마인드로보틱스,서울 관악구,https://kr.indeed.com/rc/clk?jk=71c47ac87bb4087e&fccid=230e414668234579&vjs=3
[SDV] Data Scientist[연구원, 책임연구원]의 전체 세부 정보,현대자동차그룹,서울 강남구,https://kr.indeed.com/rc/clk?jk=020aee8f471db6e8&fccid=980d6ecc399a3373&vjs=3
서버 엔지니어 (Python)의 전체 세부 정보,페이히어,서울 강남구,https://kr.indeed.com/rc/clk?jk=0e5ff08f4d3c963f&fccid=254f50a1adb01cad&vjs=3
데이터분석가 신입/경력의 전체 세부 정보,어니컴,서울 용산구,https://kr.indeed.com/rc/clk?jk=d4fe66a66e4604ae&fccid=5c6ed722e9346a08&vjs=3
대기업계열 모빌리티 데이터 분석 모델 개발 (신입/경력)의 전체 세부 정보,경연파트너스,서울 용산구,https://kr.indeed.com/rc/clk?jk=fc4ce8e7031b4ab0&fccid=0f76eb1d9acd6c10&vjs=3
[대형저축은행] 디지털금융빅데이터 담당의 전체 세부 정보,피플뱅크코리아,서울,https://kr.indeed.com/rc/clk?jk=bac2e625e1f7daa3&fccid=a65512d1366ce5eb&vjs=3
AI 고객센터 서비스 백엔드 개발자 (신입/경력)의 전체 세부 정보,키위즈,서울 서초구,https://kr.indeed.com/rc/clk?jk=b518d090634dc652&fccid=ee8c2d5582ec85ee&vjs=3
딥러닝 AI 개발 연구원의 전체 세부 정보,베이리스,성남 수정구,https://kr.indeed.com/rc/clk?jk=87309d3ff40ead61&fccid=ce871e9e4a9f430a&vjs=3
IT 웹/서버 프로그램 개발자 (신입/경력)의 전체 세부 정보,좋은인터넷,서울 서초구,https://kr.indeed.com/rc/clk?jk=67a46549918c65b9&fccid=986a1a18740e2ef3&vjs=3
NLP 엔지니어 (Natural Language Processing developer)의 전체 세부 정보,브랜드인게이지먼트네트워크인크,서울 중구,https://kr.indeed.com/rc/clk?jk=512ea7785830e3d6&fccid=f23a41cb201e2ca6&vjs=3
[인텔리전스랩스] 데이터 분석가 (마케팅)의 전체 세부 정보,Nexon,경기도 성남,https://kr.indeed.com/rc/clk?jk=aec83962a6b7ff50&fccid=aba87288e4cc3687&vjs=3
[데브시스터즈] DevOps Engineer (신입)의 전체 세부 정보,데브시스터즈,서울 강남구,https://kr.indeed.com/rc/clk?jk=3058f7280a2e6644&fccid=58a9a803698a0afd&vjs=3
딥러닝 연구개발자 (서울근무)의 전체 세부 정보,딥인스펙션,서울 송파구,https://kr.indeed.com/rc/clk?jk=a3aaffa6ff1225b2&fccid=c5de7e4571bb1a5a&vjs=3
국내 대기업 계열사 - 마케팅 데이터분석 및 CRM 담당자의 전체 세부 정보,라피플코리아리미티드,서울,https://kr.indeed.com/rc/clk?jk=384938caaf89c494&fccid=28f5722fca6f5b12&vjs=3
국내 대기업 - 고객 데이터분석 포지션의 전체 세부 정보,라피플코리아리미티드,서울,https://kr.indeed.com/rc/clk?jk=75c348600e4ba140&fccid=28f5722fca6f5b12&vjs=3
Data Analyst의 전체 세부 정보,두잇,서울 관악구,https://kr.indeed.com/rc/clk?jk=792c24312b052c34&fccid=40d1e624121fa726&vjs=3
[카카오벤처스 투자 게임 스타트업] 게임 기획자의 전체 세부 정보,드리모,서울 서초구,https://kr.indeed.com/rc/clk?jk=2e481d885a2430a0&fccid=54963c9f1c46cef1&vjs=3
개발자 - Python 서버 프로그램 개발의 전체 세부 정보,바인테크,서울 송파구,https://kr.indeed.com/rc/clk?jk=4cc15c26097421c5&fccid=aef44811e748bebe&vjs=3
[모빌테크] Camera / LiDAR 데이터 연구원 (병역특례 전문연구요원 가능)의 전체 세부 정보,모빌테크,서울 서초구,https://kr.indeed.com/rc/clk?jk=241f137e67cc8a92&fccid=b5cf24921581ae1e&vjs=3
퍼즐데이터 역량있는 데이터 분석가의 전체 세부 정보,주식회사퍼즐데이터,서울 역삼동,https://kr.indeed.com/rc/clk?jk=116009dbf59211ed&fccid=bbae7241cc714540&vjs=3
Python Engineer (Top Secret Clearance)의 전체 세부 정보,Better Talent Advisors,경기도 평택,https://kr.indeed.com/rc/clk?jk=7e91108c3aa82d7d&fccid=a9ac37d9721dd9ff&vjs=3
커넥티드 카 AI 음성인식 개발 (NLP/ 자연어처리)[연구원, 책임연구원]의 전체 세부 정보,현대자동차그룹,서울 강남구,https://kr.indeed.com/rc/clk?jk=f5187c1945d99ff1&fccid=980d6ecc399a3373&vjs=3
Data Analytics/Engineering 신입사원 채용의 전체 세부 정보,SK CC,성남 정자동,https://kr.indeed.com/rc/clk?jk=78be1c05db61224b&fccid=36b9d5dbe99227ff&vjs=3
[단기계약직] 언어 데이터 구축 및 처리를 위한 어시스턴트 모집의 전체 세부 정보,엔씨소프트,성남 판교역,https://kr.indeed.com/rc/clk?jk=0c283e29b29a936a&fccid=a1e4e21b1f33cf40&vjs=3
웹개발, 백엔드 외 신입/경력 정규직의 전체 세부 정보,코인챗,서울 강남구,https://kr.indeed.com/rc/clk?jk=e3f3b7e2103d9bc7&fccid=e60f835b4d91f8e6&vjs=3
파이썬(python) 백엔드 개발자(전문연구요원)의 전체 세부 정보,아토머스,서울 강남구,https://kr.indeed.com/rc/clk?jk=c3ea7ef913ec52d2&fccid=660bbb21789ab63d&vjs=3
[SI 분야] 함께 하실분의 전체 세부 정보,글로벌랩,서울,https://kr.indeed.com/rc/clk?jk=521f23593c73d0a6&fccid=559b020ac716336d&vjs=3
데이터 엔지니어 (+분석가)의 전체 세부 정보,토이스미스,서울 강남구,https://kr.indeed.com/rc/clk?jk=d8f4680a6018ca9c&fccid=008985cb11d73d3d&vjs=3
Data/Machine Learning Engineer (신입)의 전체 세부 정보,플리토,서울 강남구,https://kr.indeed.com/rc/clk?jk=5ab0b45dfa93411b&fccid=01aed038bcce2a5f&vjs=3
[CTO] 주행 데이터 수집/분석 플랫폼 개발 엔지니어[연구원, 책임연구원]의 전체 세부 정보,현대자동차그룹,대한민국,https://kr.indeed.com/rc/clk?jk=eade33225963d319&fccid=980d6ecc399a3373&vjs=3
OpenCV/MATLAB/TensorFlow/Python/C/C++/Linux 알고리즘 엔지니어의 전체 세부 정보,포디아이비젼,서울 서초구,https://kr.indeed.com/rc/clk?jk=ddecddba77f109db&fccid=dd616958bd9ddc12&vjs=3
[스펠릭스] 웹 백엔드 개발자 정규직 (신입/경력)의 전체 세부 정보,스펠릭스,용인 기흥구,https://kr.indeed.com/rc/clk?jk=aaf95638f8fa8150&fccid=03af3eb9ca1a431a&vjs=3
인공지능(AI), 머신러닝(ML) 외 경력의 전체 세부 정보,쉬모스랩,서울 강남구,https://kr.indeed.com/rc/clk?jk=6dab9c1fdc2c4374&fccid=b48377719ace2e16&vjs=3
데이터 플랫폼 기획·개발, 데이터분석 및 통계작성 정규직(경력/신입)의 전체 세부 정보,한국기계산업진흥회,서울 영등포구,https://kr.indeed.com/rc/clk?jk=cbc4e13598f7cc27&fccid=11faf7130a2607ab&vjs=3
[송파구] 데이터 ETL/빅데이터 분석의 전체 세부 정보,시니어앤파트너즈,서울 송파구,https://kr.indeed.com/rc/clk?jk=bc90aa74e7f82a1a&fccid=59060ddcdf96b101&vjs=3
Quantitative Researcher의 전체 세부 정보,WorldQuant,서울,https://kr.indeed.com/rc/clk?jk=5e63fa757013fa24&fccid=08487f979320ebae&vjs=3
어시스턴트 - 데이터 산출 지원 담당의 전체 세부 정보,카카오페이,성남 백현동,https://kr.indeed.com/rc/clk?jk=ea40d5e4408124ba&fccid=c3aa6121be03065c&vjs=3
[데브시스터즈] Data Platform Software Engineer (Senior/Junior)의 전체 세부 정보,데브시스터즈,서울 강남구,https://kr.indeed.com/rc/clk?jk=d832eb50f24e4587&fccid=58a9a803698a0afd&vjs=3
Brion Field Application Engineer_Modeling의 전체 세부 정보,ASML,대한민국,https://kr.indeed.com/rc/clk?jk=53ad2c8a3322d961&fccid=57ed5f0210b0681a&vjs=3
NAVER/LINE 서비스 공통 플랫폼 운영의 전체 세부 정보,엔아이티서비스,성남 분당구,https://kr.indeed.com/rc/clk?jk=c274727049a0ba82&fccid=d389f1042b660837&vjs=3
[인텔리전스랩스] 게임 이상탐지 백엔드 개발자 (Go)의 전체 세부 정보,Nexon,경기도 성남,https://kr.indeed.com/rc/clk?jk=4c63be91baa619af&fccid=aba87288e4cc3687&vjs=3
[상시지원] AI & ML Engineer의 전체 세부 정보,Riiid Labs,서울,https://kr.indeed.com/rc/clk?jk=52f5974359383a74&fccid=933989f3b0ffe928&vjs=3
[국내그룹사] Data Scientist의 전체 세부 정보,퍼솔켈리코리아 유한회사,서울,https://kr.indeed.com/rc/clk?jk=4be8824b93ff444e&fccid=2c5b80eeab63070c&vjs=3
[네이버계열사][NIT Service] 네이버 파이낸셜 플랫폼 운영의 전체 세부 정보,엔아이티서비스,성남 분당구,https://kr.indeed.com/rc/clk?jk=fb0ab114b6123644&fccid=d389f1042b660837&vjs=3
Demand and Customer Planning Manager의 전체 세부 정보,LEGO,서울,https://kr.indeed.com/rc/clk?jk=094a06203c304991&fccid=7ffb2f076144ee5d&vjs=3
CRM 및 마케팅 데이터분석 담당자 - 국내 대기업 계열사의 전체 세부 정보,라피플코리아리미티드,서울,https://kr.indeed.com/rc/clk?jk=7fe0c284fbf4045f&fccid=28f5722fca6f5b12&vjs=3
SQL, Python 기반 Data Engineer(경력직) 채용의 전체 세부 정보,파인트리파트너스 주식회사 관심기업,서울 도화동,https://kr.indeed.com/rc/clk?jk=1720b452301b54aa&fccid=4c458be029af0a85&vjs=3
[인텔리전스랩스] UX Researcher/UX 분석가 (게임 경험 분석)의 전체 세부 정보,Nexon,경기도 성남,https://kr.indeed.com/rc/clk?jk=256d35cc840b890e&fccid=aba87288e4cc3687&vjs=3
고객데이터분석/마케팅플랫폼 엔지니어 채용의 전체 세부 정보,케이뱅크은행,서울 중학동,https://kr.indeed.com/rc/clk?jk=1f69edc609d53f31&fccid=5c3222a7b96c49cc&vjs=3
[선행기술원] e-PBV 제어용 플랫폼 소프트웨어 개발[책임연구원]의 전체 세부 정보,현대자동차그룹,성남 판교역,https://kr.indeed.com/rc/clk?jk=b858b9bc6ec9787b&fccid=980d6ecc399a3373&vjs=3
IC Design Engineer 외 신입/경력의 전체 세부 정보,세미브레인,서울 강남구,https://kr.indeed.com/rc/clk?jk=f013ae24682e3a75&fccid=9be06fb350ae1c28&vjs=3
파이썬 백엔드 개발자 (Python Backend Engineer)의 전체 세부 정보,휴레이포지티브,서울 강남구,https://kr.indeed.com/rc/clk?jk=870411c0f7a8ae7c&fccid=9f7671105b7ffbe3&vjs=3
SW engineer intern의 전체 세부 정보,INTEL,서울,https://kr.indeed.com/rc/clk?jk=fae25ef1694390dc&fccid=936367796261bd6e&vjs=3
MLOps Engineer의 전체 세부 정보,BOEING,서울,https://kr.indeed.com/rc/clk?jk=8a5f2479aff6ccfa&fccid=edae4285faf6c2f0&vjs=3
백엔드/서버개발자 (신입/경력)의 전체 세부 정보,엔에스원소프트,서울 서초구,https://kr.indeed.com/rc/clk?jk=21ff1c456cede624&fccid=4cb5f3678194f0b7&vjs=3
DNN 모델 개발 엔지니어의 전체 세부 정보,딥엑스,성남 분당구,https://kr.indeed.com/rc/clk?jk=303d8c644a5f2e0f&fccid=e34932b8232a173b&vjs=3
[인텔리전스랩스] 데이터 분석가 (넥슨 플랫폼)의 전체 세부 정보,Nexon,경기도 성남,https://kr.indeed.com/rc/clk?jk=fbbac2fccdecd0b8&fccid=aba87288e4cc3687&vjs=3
프론트엔드/백엔드 개발자 상시의 전체 세부 정보,에스디에이에이,서울 성동구,https://kr.indeed.com/rc/clk?jk=5505541f4c619808&fccid=70843328026d7cd5&vjs=3
감사부문 감사지원팀 데이터분석 인턴의 전체 세부 정보,EY,서울 영등포구,https://kr.indeed.com/rc/clk?jk=6583ae3760b05eeb&fccid=1544766d4c2915b0&vjs=3
Machine Learning Researcher Internship (Computer Vision/Natural Language Processing)의 전체 세부 정보,BOEING,서울,https://kr.indeed.com/rc/clk?jk=2f675d0c084198be&fccid=edae4285faf6c2f0&vjs=3
Machine Learning Researcher (Computer Vision)의 전체 세부 정보,BOEING,서울,https://kr.indeed.com/rc/clk?jk=488af8c351d5faf6&fccid=edae4285faf6c2f0&vjs=3
MIS/Analytics 담당자의 전체 세부 정보,Citi,서울,https://kr.indeed.com/rc/clk?jk=7c7e306d1f8497ad&fccid=5bcd1ef0a7f4fb99&vjs=3
클라우드 플랫폼 운영 엔지니어의 전체 세부 정보,NHN Enterprise,성남 판교역,https://kr.indeed.com/rc/clk?jk=40e20a58af1e44ee&fccid=cc378bd7bc831eca&vjs=3
위시켓과 함께할 서버개발자님의 전체 세부 정보,위시켓,서울 강남구,https://kr.indeed.com/rc/clk?jk=a3a65a4d59061430&fccid=533c91503ff32d48&vjs=3
[홈페이지지원] 2023년 신입·경력 중의 전체 세부 정보,사이냅소프트,서울 강서구,https://kr.indeed.com/rc/clk?jk=c0cd7991573c901d&fccid=0673ca84bc014599&vjs=3
[인텔리전스랩스] 데이터 분석가 (개인화 콘텐츠)의 전체 세부 정보,Nexon,경기도 성남,https://kr.indeed.com/rc/clk?jk=46807d2378f3ec7c&fccid=aba87288e4cc3687&vjs=3
Python & PyQt. 개발 프로그래머와 프론트엔드 외 신입/경력의 전체 세부 정보,아인사이트,서울 구로구,https://kr.indeed.com/rc/clk?jk=5840681c210152e9&fccid=7744f604a0427c87&vjs=3
전문연구요원 (병역특례) 수시 (AI / SW 분야)의 전체 세부 정보,딥엑스,성남 분당구,https://kr.indeed.com/rc/clk?jk=d83fc0dd2641f483&fccid=e34932b8232a173b&vjs=3
[대기업] 데이터분석가 경력 (대리~과장급 2명)의 전체 세부 정보,에이치알니즈,서울,https://kr.indeed.com/rc/clk?jk=b2eb1fe78ff9ee5f&fccid=b8c1027d6dda0525&vjs=3
[에너지IT기업 해줌] 백엔드 개발자의 전체 세부 정보,해줌,서울 송파구,https://kr.indeed.com/rc/clk?jk=6a7343cfeb54cc55&fccid=a2f5dce9440e4adf&vjs=3
데이터 분석가의 전체 세부 정보,파이프트리스마트팜,서울 송파구,https://kr.indeed.com/rc/clk?jk=d49618d656468d9b&fccid=91264d1b241643c2&vjs=3
경로계획/모션생성 분야 연구원 채용(모바일로봇개발)의 전체 세부 정보,HD현대로보틱스 관심기업,성남 정자동,https://kr.indeed.com/rc/clk?jk=bf35ec47c7dec6e6&fccid=562e4435b057c8e6&vjs=3
AI연구원 국제 팬데믹 인텔리젼스 센터 연구원 새글 첨부파일 있음의 전체 세부 정보,서울대학교,서울 관악구,https://kr.indeed.com/rc/clk?jk=42315c79ca4a3c52&fccid=0374a0c0e42b8522&vjs=3
[인텔리전스랩스] 분석지원팀 데이터 엔지니어의 전체 세부 정보,Nexon,경기도 성남,https://kr.indeed.com/rc/clk?jk=a85f84471f37f355&fccid=aba87288e4cc3687&vjs=3
지도 구축 기술 개발 부문 경력채용의 전체 세부 정보,현대오토에버,서울 대치동,https://kr.indeed.com/rc/clk?jk=c8fe72fcde1c9d5e&fccid=d5a22a3e93377742&vjs=3
리서치 경력직 연구원의 전체 세부 정보,리서치앤유,서울 성동구,https://kr.indeed.com/rc/clk?jk=319acf518ef789e4&fccid=7c977224f6d09f7d&vjs=3
[제약] 신약 분자설계 연구(선임/책임)의 전체 세부 정보,BOB네트웍스,성남 분당구,https://kr.indeed.com/rc/clk?jk=14d5f070330861c8&fccid=6c389097acd73020&vjs=3
Senior Software Engineer (Python),EvolutionIQ,USA Only,https://weworkremotely.com/remote-jobs/evolutioniq-senior-software-engineer-python
Senior Open Source Developer & DevOps (Python, Django, React, AWS/OpenStack),OpenCraft,Anywhere in the World,https://weworkremotely.com/remote-jobs/opencraft-senior-open-source-developer-devops-python-django-react-aws-openstack
Python Developer,RemoteMore,Anywhere in the World,https://weworkremotely.com/remote-jobs/remotemore-python-developer-7
Senior Backend Python Developer,Proxify AB,Latin America Only/Europe Only/EMEA Only,https://weworkremotely.com/remote-jobs/proxify-ab-senior-backend-python-developer
Senior Python Developer,Tactiq Tech,Anywhere in the World,https://weworkremotely.com/remote-jobs/tactiq-tech-senior-python-developer
