Position,Company,Location,URL 
Python, 인공지능(AI) 외 신입/경력의 전체 세부 정보,사회정보연구원,서울 은평구,https://kr.indeed.com/rc/clk?jk=b7fad584859458e4&fccid=8da9b3751cf2e16c&vjs=3
파이썬(python) 백엔드 개발자의 전체 세부 정보,아토머스,서울 강남구,https://kr.indeed.com/rc/clk?jk=7e8499c0e2fe4afb&fccid=660bbb21789ab63d&vjs=3
Deep Learning Researcher (Intern)의 전체 세부 정보,Qualcomm,서울,https://kr.indeed.com/rc/clk?jk=701e887d6f3eb831&fccid=d40ebe11fc879426&vjs=3
서버 엔지니어 (Python)의 전체 세부 정보,페이히어,서울 강남구,https://kr.indeed.com/rc/clk?jk=0e5ff08f4d3c963f&fccid=254f50a1adb01cad&vjs=3
Python Backend Engineer의 전체 세부 정보,마인드에이아이,서울 중구,https://kr.indeed.com/rc/clk?jk=0ef88fa151c45263&fccid=6e36b32060404d12&vjs=3
[코리아교육그룹]Python / JAVA / C언어/ C# / C++ 강사 중의 전체 세부 정보,에스씨에이아카데미혜화,서울,https://kr.indeed.com/rc/clk?jk=f4aa3759d608d254&fccid=4aba802670ed5334&vjs=3
[그리팅] 백엔드 엔지니어(BackOffice) (연계형 인턴)의 전체 세부 정보,두들린,서울 강남구,https://kr.indeed.com/rc/clk?jk=bdc2a1d822ad149c&fccid=6f5ff74d22f3849e&vjs=3
Python Engineer (Top Secret Clearance)의 전체 세부 정보,Better Talent Advisors,경기도 평택,https://kr.indeed.com/rc/clk?jk=7e91108c3aa82d7d&fccid=a9ac37d9721dd9ff&vjs=3
파이썬 백엔드 개발자 (Python Backend Engineer)의 전체 세부 정보,휴레이포지티브,서울 강남구,https://kr.indeed.com/rc/clk?jk=870411c0f7a8ae7c&fccid=9f7671105b7ffbe3&vjs=3
백엔드 개발자(인턴십)의 전체 세부 정보,액스,서울 서초구,https://kr.indeed.com/rc/clk?jk=b7223c792bfcbcd4&fccid=5013eca338141e7d&vjs=3
2023년(하) 한화시스템 경력사원 (SW분야)의 전체 세부 정보,한화시스템,성남 분당구,https://kr.indeed.com/rc/clk?jk=018d1405550e3618&fccid=46ba4635611e86ea&vjs=3
[대형저축은행] 디지털금융빅데이터 담당의 전체 세부 정보,피플뱅크코리아,서울,https://kr.indeed.com/rc/clk?jk=bac2e625e1f7daa3&fccid=a65512d1366ce5eb&vjs=3
대기업계열 모빌리티 데이터 분석 모델 개발 (신입/경력)의 전체 세부 정보,경연파트너스,서울 용산구,https://kr.indeed.com/rc/clk?jk=fc4ce8e7031b4ab0&fccid=0f76eb1d9acd6c10&vjs=3
Network Engineer -의 전체 세부 정보,Apple,서울,https://kr.indeed.com/rc/clk?jk=28d001297ff82f11&fccid=c1099851e9794854&vjs=3
개발자 - Python 서버 프로그램 개발의 전체 세부 정보,바인테크,서울 송파구,https://kr.indeed.com/rc/clk?jk=4cc15c26097421c5&fccid=aef44811e748bebe&vjs=3
기술 인턴 인공지능 응용 연구/개발 인턴의 전체 세부 정보,써로마인드로보틱스,서울 관악구,https://kr.indeed.com/rc/clk?jk=71c47ac87bb4087e&fccid=230e414668234579&vjs=3
딥러닝 AI 개발 연구원의 전체 세부 정보,베이리스,성남 수정구,https://kr.indeed.com/rc/clk?jk=87309d3ff40ead61&fccid=ce871e9e4a9f430a&vjs=3
데이터분석가 신입/경력의 전체 세부 정보,어니컴,서울 용산구,https://kr.indeed.com/rc/clk?jk=d4fe66a66e4604ae&fccid=5c6ed722e9346a08&vjs=3
웹 개발자 경력 Java/Php/Javascript/Python/Html/CSS 등 프로젝트 경력자의 전체 세부 정보,바이오브레인,대전 서구,https://kr.indeed.com/rc/clk?jk=941687b6bbb14d81&fccid=a3e2170fc2a54ba6&vjs=3
Data Scientist의 전체 세부 정보,주택,대전 유성구,https://kr.indeed.com/rc/clk?jk=5e20fcae59a45f37&fccid=7236a3f9fee6aec8&vjs=3
[디지털일자리매칭플랫폼] 웹개발자(C# / Python) / 기술지원 엔지니어 SE의 전체 세부 정보,엔피코어,서울,https://kr.indeed.com/rc/clk?jk=e6ff900e4b9e58da&fccid=009afa2764ae78d4&vjs=3
파이썬(python) 백엔드 개발자(전문연구요원)의 전체 세부 정보,아토머스,서울 강남구,https://kr.indeed.com/rc/clk?jk=c3ea7ef913ec52d2&fccid=660bbb21789ab63d&vjs=3
SQL, Python 기반 Data Engineer(경력직) 채용의 전체 세부 정보,파인트리파트너스 주식회사 관심기업,서울 도화동,https://kr.indeed.com/rc/clk?jk=1720b452301b54aa&fccid=4c458be029af0a85&vjs=3
백엔드(Python, Java) 개발자의 전체 세부 정보,액스,서울 서초구,https://kr.indeed.com/rc/clk?jk=ac42c5e006e18d3b&fccid=5013eca338141e7d&vjs=3
빅데이터플랫폼 / Python 개발자의 전체 세부 정보,핸디소프트,안양 동안구,https://kr.indeed.com/rc/clk?jk=718705590680c44e&fccid=d22d7c6a99de76b6&vjs=3
Data Engineer / Python Developer의 전체 세부 정보,주택,대전 유성구,https://kr.indeed.com/rc/clk?jk=322bf1c46d558878&fccid=7236a3f9fee6aec8&vjs=3
파이썬 백엔드 엔지니어(Python Backend Engineer)의 전체 세부 정보,Dunamu,서울,https://kr.indeed.com/rc/clk?jk=272637ad170fe32c&fccid=54c9c086b03b7cdc&vjs=3
딥러닝 연구개발자 (서울근무)의 전체 세부 정보,딥인스펙션,서울 송파구,https://kr.indeed.com/rc/clk?jk=a3aaffa6ff1225b2&fccid=c5de7e4571bb1a5a&vjs=3
++렉스코드 백엔드 개발자 ++의 전체 세부 정보,렉스코드,서울 서초구,https://kr.indeed.com/rc/clk?jk=9121c5aa8075bfa3&fccid=005cc3e287692b67&vjs=3
Data Analyst의 전체 세부 정보,두잇,서울 관악구,https://kr.indeed.com/rc/clk?jk=792c24312b052c34&fccid=40d1e624121fa726&vjs=3
SW engineer intern의 전체 세부 정보,INTEL,서울,https://kr.indeed.com/rc/clk?jk=fae25ef1694390dc&fccid=936367796261bd6e&vjs=3
Machine Learning Researcher (Computer Vision)의 전체 세부 정보,BOEING,서울,https://kr.indeed.com/rc/clk?jk=488af8c351d5faf6&fccid=edae4285faf6c2f0&vjs=3
Python & PyQt. 개발 프로그래머와 프론트엔드 외 신입/경력의 전체 세부 정보,아인사이트,서울 구로구,https://kr.indeed.com/rc/clk?jk=5840681c210152e9&fccid=7744f604a0427c87&vjs=3
Python 서버 어플리케이션 개발자의 전체 세부 정보,바인테크,서울 송파구,https://kr.indeed.com/rc/clk?jk=8a7c4886df34e482&fccid=aef44811e748bebe&vjs=3
2023년 하반기 부문별 [가상현실 엔지니어/AI 엔지니어]의 전체 세부 정보,실리콘스튜디오코리아,서울 강남구,https://kr.indeed.com/rc/clk?jk=6d1e4a3b652681b9&fccid=b6b35101788195f6&vjs=3
Python Backend Server Application 개발 경력직의 전체 세부 정보,알스퀘어부동산중개법인,서울 강남구,https://kr.indeed.com/rc/clk?jk=fc52ac172974bdd5&fccid=ceaba15614996767&vjs=3
MIS/Analytics 담당자의 전체 세부 정보,Citi,서울,https://kr.indeed.com/rc/clk?jk=7c7e306d1f8497ad&fccid=5bcd1ef0a7f4fb99&vjs=3
Associate AI/ML Software Engineer의 전체 세부 정보,BOEING,서울,https://kr.indeed.com/rc/clk?jk=ecf535d2a2ad0ba9&fccid=edae4285faf6c2f0&vjs=3
AI 연구개발자 전문연구요원(병역특례)의 전체 세부 정보,라이트비전,서울 성동구,https://kr.indeed.com/rc/clk?jk=838f83af21ddbeb4&fccid=e391d8e930358bac&vjs=3
국내 대기업 - 고객 데이터분석 포지션의 전체 세부 정보,라피플코리아리미티드,서울,https://kr.indeed.com/rc/clk?jk=75c348600e4ba140&fccid=28f5722fca6f5b12&vjs=3
[SDV] Data Scientist[연구원, 책임연구원]의 전체 세부 정보,현대자동차그룹,서울 강남구,https://kr.indeed.com/rc/clk?jk=020aee8f471db6e8&fccid=980d6ecc399a3373&vjs=3
Python(Django) 개발자 (5년 이상)의 전체 세부 정보,아테나스랩,서울 마포구,https://kr.indeed.com/rc/clk?jk=daf44170e44e00c2&fccid=f7418ec5d47158aa&vjs=3
(주)누리기술 신입 및 경력 프로그래머 (C++, Python)의 전체 세부 정보,누리기술,대구 수성구,https://kr.indeed.com/rc/clk?jk=9fb1bf156c419110&fccid=6bb693f7d22f2adc&vjs=3
글로벌 AI Robotics 알고리즘 개발자의 전체 세부 정보,엘마르코리아,서울 서초구,https://kr.indeed.com/rc/clk?jk=41e2762c66bda9c6&fccid=ae8d7dc5367e86f1&vjs=3
[스펠릭스] 웹 백엔드 개발자 정규직 (신입/경력)의 전체 세부 정보,스펠릭스,용인 기흥구,https://kr.indeed.com/rc/clk?jk=aaf95638f8fa8150&fccid=03af3eb9ca1a431a&vjs=3
데이터표준품질부문 경력 (정규직)의 전체 세부 정보,한국정보기술단,서울 강남구,https://kr.indeed.com/rc/clk?jk=d927945807f61201&fccid=99925e8e7b9604cc&vjs=3
2023 Student Training in Engineering Program (STEP), People with Disabilities (장애인 채용)의 전체 세부 정보,Google,서울,https://kr.indeed.com/rc/clk?jk=5d24a062cabc9f0d&fccid=a5b4499d9e91a5c6&vjs=3
2023학년도 서울웹툰애니메이션고등학교 시간강사 (정보컴퓨터)(프로그래밍 / 데이터베이스)의 전체 세부 정보,서울웹툰애니메이션고등학교,서울 서초구,https://kr.indeed.com/rc/clk?jk=34349782438e5c7f&fccid=ac84cd3681bdac31&vjs=3
웹개발, 백엔드 외 신입/경력 정규직의 전체 세부 정보,코인챗,서울 강남구,https://kr.indeed.com/rc/clk?jk=e3f3b7e2103d9bc7&fccid=e60f835b4d91f8e6&vjs=3
커넥티드 카 AI 음성인식 개발 (NLP/ 자연어처리)[연구원, 책임연구원]의 전체 세부 정보,현대자동차그룹,서울 강남구,https://kr.indeed.com/rc/clk?jk=f5187c1945d99ff1&fccid=980d6ecc399a3373&vjs=3
[상시지원] AI & ML Engineer의 전체 세부 정보,Riiid Labs,서울,https://kr.indeed.com/rc/clk?jk=52f5974359383a74&fccid=933989f3b0ffe928&vjs=3
AI SW 개발-NLP 경력 채용의 전체 세부 정보,한화그룹,서울,https://kr.indeed.com/rc/clk?jk=f126b0bb31ca95dd&fccid=bd0dc1817223394f&vjs=3
Python 분석 인원 정규직 채용의 전체 세부 정보,(주)스마트모빌러티 관심기업,서울 휘경동,https://kr.indeed.com/rc/clk?jk=5e761f105a377ae8&fccid=307824036b9dcb17&vjs=3
[선행기술원] SNN기반 Computer Vision 기술 개발 (객체인식/추적)[책임연구원]의 전체 세부 정보,현대자동차그룹,성남 판교역,https://kr.indeed.com/rc/clk?jk=d208a45947ad23ee&fccid=980d6ecc399a3373&vjs=3
[전문연구요원] 의료영상 리서치 엔지니어 정규직의 전체 세부 정보,메디픽셀,서울 마포구,https://kr.indeed.com/rc/clk?jk=3544467a7b64376f&fccid=aba88c202493b8a5&vjs=3
(인천 송도) 인공지능(AI)분야 Python 개발 인력 구인의 전체 세부 정보,주식회사 애나 관심기업,인천 송도동,https://kr.indeed.com/rc/clk?jk=c0fb9320f68bb3e7&fccid=2f6f10515ebbc33c&vjs=3
JR0192526 SW engineer intern의 전체 세부 정보,인텔코리아,서울,https://kr.indeed.com/rc/clk?jk=83f4939522ffaa68&fccid=ded06d6a6799d929&vjs=3
Demand and Customer Planning Manager의 전체 세부 정보,LEGO,서울,https://kr.indeed.com/rc/clk?jk=094a06203c304991&fccid=7ffb2f076144ee5d&vjs=3
Computer Vision Engineer Visual SLAM의 전체 세부 정보,뉴빌리티,서울 성동구,https://kr.indeed.com/rc/clk?jk=bc860e02d07ffefd&fccid=1cb18707752a948e&vjs=3
Quantitative Researcher의 전체 세부 정보,WorldQuant,서울,https://kr.indeed.com/rc/clk?jk=5e63fa757013fa24&fccid=08487f979320ebae&vjs=3
[지역주도형 일자리사업] 웹 개발자의 전체 세부 정보,휴인텍,전라남도 순천,https://kr.indeed.com/rc/clk?jk=160a525e020f1948&fccid=02d45be29229bbc9&vjs=3
퀀트운용센터 (사원-대리급)의 전체 세부 정보,신한자산운용,대한민국,https://kr.indeed.com/rc/clk?jk=95e110350e419962&fccid=d93d518e8dbb7037&vjs=3
데이터 플랫폼 기획·개발, 데이터분석 및 통계작성 정규직(경력/신입)의 전체 세부 정보,한국기계산업진흥회,서울 영등포구,https://kr.indeed.com/rc/clk?jk=cbc4e13598f7cc27&fccid=11faf7130a2607ab&vjs=3
Software Engineer, Perception - Autonomous Vehicles의 전체 세부 정보,NVIDIA,서울,https://kr.indeed.com/rc/clk?jk=4d8738c28375cf32&fccid=c267f29f0f85e8b8&vjs=3
2023 IBM Consulting Associates 채용 - Application Developer의 전체 세부 정보,IBM,서울,https://kr.indeed.com/rc/clk?jk=95734fcc090b0a6a&fccid=de71a49b535e21cb&vjs=3
[헤드헌팅/] 백엔드 DB 개발자의 전체 세부 정보,리플라이랩,서울 중구,https://kr.indeed.com/rc/clk?jk=61cef10b61063680&fccid=ecfe8aacf2a0164c&vjs=3
[데브시스터즈] DevOps Engineer (신입)의 전체 세부 정보,데브시스터즈,서울 강남구,https://kr.indeed.com/rc/clk?jk=3058f7280a2e6644&fccid=58a9a803698a0afd&vjs=3
AI 고객센터 서비스 백엔드 개발자 (신입/경력)의 전체 세부 정보,키위즈,서울 서초구,https://kr.indeed.com/rc/clk?jk=b518d090634dc652&fccid=ee8c2d5582ec85ee&vjs=3
OpenCV/MATLAB/TensorFlow/Python/C/C++/Linux 알고리즘 엔지니어의 전체 세부 정보,포디아이비젼,서울 서초구,https://kr.indeed.com/rc/clk?jk=ddecddba77f109db&fccid=dd616958bd9ddc12&vjs=3
[선행기술원] 시계열 AI 모델 및 온라인 학습 기술 개발[책임연구원]의 전체 세부 정보,현대자동차그룹,성남 판교역,https://kr.indeed.com/rc/clk?jk=6b5c27f06e497a8b&fccid=980d6ecc399a3373&vjs=3
SI증권 IT부문 인재(신입/경력)의 전체 세부 정보,에스아이증권,서울 영등포구,https://kr.indeed.com/rc/clk?jk=36c82a407e2ae4a6&fccid=2cd854bb1bdd4128&vjs=3
[홈페이지지원] 2023년 신입·경력 중의 전체 세부 정보,사이냅소프트,서울 강서구,https://kr.indeed.com/rc/clk?jk=c0cd7991573c901d&fccid=0673ca84bc014599&vjs=3
프론트엔드/백엔드 개발자 상시의 전체 세부 정보,에스디에이에이,서울 성동구,https://kr.indeed.com/rc/clk?jk=5505541f4c619808&fccid=70843328026d7cd5&vjs=3
[데브툴즈] Front end 개발자의 전체 세부 정보,데브툴즈,안양 동안구,https://kr.indeed.com/rc/clk?jk=a76e48ed8883b9b5&fccid=ad60a0632f3f3e71&vjs=3
국내 대기업 계열사 - 마케팅 데이터분석 및 CRM 담당자의 전체 세부 정보,라피플코리아리미티드,서울,https://kr.indeed.com/rc/clk?jk=384938caaf89c494&fccid=28f5722fca6f5b12&vjs=3
[송파구] 데이터 ETL/빅데이터 분석의 전체 세부 정보,시니어앤파트너즈,서울 송파구,https://kr.indeed.com/rc/clk?jk=bc90aa74e7f82a1a&fccid=59060ddcdf96b101&vjs=3
BackEnd 개발자 - Django의 전체 세부 정보,트레이디,서울 금천구,https://kr.indeed.com/rc/clk?jk=b2de8b0515e0342d&fccid=d36b44d619c311c4&vjs=3
기술지원 엔지니어 정규직 (신입/경력)의 전체 세부 정보,모벤시스,천안 서북구,https://kr.indeed.com/rc/clk?jk=a1187b5997a20d8d&fccid=e73e872a0c2bf87f&vjs=3
Software Engineer, Bioinformatics and Proteomics의 전체 세부 정보,바이온사이트,서울 성동구,https://kr.indeed.com/rc/clk?jk=b3c8936b1273f3b9&fccid=67bbf11931ae8a26&vjs=3
Data/Machine Learning Engineer (신입)의 전체 세부 정보,플리토,서울 강남구,https://kr.indeed.com/rc/clk?jk=5ab0b45dfa93411b&fccid=01aed038bcce2a5f&vjs=3
Cloud Consultant, Big Data and Analytics, Google Cloud의 전체 세부 정보,구글코리아,서울 강남구,https://kr.indeed.com/rc/clk?jk=c08ab9fe73ce271c&fccid=28712efe9a7c8d8a&vjs=3
Senior Software Engineer (Backend)의 전체 세부 정보,Presto,서울,https://kr.indeed.com/rc/clk?jk=045267d4bab510c8&fccid=37b31c805f66f58e&vjs=3
[램플코딩학원] 온오프라인 코딩 강사의 전체 세부 정보,밸류에잇 벤처스,대전 서구,https://kr.indeed.com/rc/clk?jk=3415a2ec10f41d98&fccid=11d8b37b858f8313&vjs=3
[올라핀테크] 핀테크 플랫폼 Python(파이썬) 개발자의 전체 세부 정보,주식회사 올라핀테크 관심기업,서울 논현동,https://kr.indeed.com/rc/clk?jk=83afc0063130f3f2&fccid=ee9199e84b45d22f&vjs=3
Software Researcher의 전체 세부 정보,디사일로,서울 서초구,https://kr.indeed.com/rc/clk?jk=ebedb4f31d73fcda&fccid=5426751914bc03f8&vjs=3
[모빌테크] Camera / LiDAR 데이터 연구원 (병역특례 전문연구요원 가능)의 전체 세부 정보,모빌테크,서울 서초구,https://kr.indeed.com/rc/clk?jk=241f137e67cc8a92&fccid=b5cf24921581ae1e&vjs=3
백엔드개발자, 모바일앱 개발자, 블록체인 개발자 신입의 전체 세부 정보,와이즈텍,서울 용산구,https://kr.indeed.com/rc/clk?jk=52049395e06b34cb&fccid=8b01882cef0e8002&vjs=3
Data Scientist의 전체 세부 정보,BOEING,서울,https://kr.indeed.com/rc/clk?jk=0d0872c5582aa229&fccid=edae4285faf6c2f0&vjs=3
백엔드/서버개발자 (신입/경력)의 전체 세부 정보,엔에스원소프트,서울 서초구,https://kr.indeed.com/rc/clk?jk=21ff1c456cede624&fccid=4cb5f3678194f0b7&vjs=3
전문연구요원 (병역특례) 수시 (AI / SW 분야)의 전체 세부 정보,딥엑스,성남 분당구,https://kr.indeed.com/rc/clk?jk=d83fc0dd2641f483&fccid=e34932b8232a173b&vjs=3
Senior Software Engineer (Python),EvolutionIQ,USA Only,https://weworkremotely.com/remote-jobs/evolutioniq-senior-software-engineer-python
Senior Open Source Developer & DevOps (Python, Django, React, AWS/OpenStack),OpenCraft,Anywhere in the World,https://weworkremotely.com/remote-jobs/opencraft-senior-open-source-developer-devops-python-django-react-aws-openstack
Python Developer,RemoteMore,Anywhere in the World,https://weworkremotely.com/remote-jobs/remotemore-python-developer-7
Senior Backend Python Developer,Proxify AB,Latin America Only/Europe Only/EMEA Only,https://weworkremotely.com/remote-jobs/proxify-ab-senior-backend-python-developer
Senior Python Developer,Tactiq Tech,Anywhere in the World,https://weworkremotely.com/remote-jobs/tactiq-tech-senior-python-developer
